{"variables":[],"info":{"name":"Reportes API","_postman_id":"dcf58281-c2c2-46ff-8be4-d1f540daa8b5","description":"","schema":"https:\/\/schema.getpostman.com\/json\/collection\/v2.0.0\/collection.json"},"item":[{"name":"general","description":"","item":[{"name":"Show the application's login form.","request":{"url":"http:\/\/localhost\/login","method":"GET","header":[{"key":"Accept","value":"application\/json"}],"body":{"mode":"formdata","formdata":[]},"description":"","response":[]}},{"name":"Handle a login request to the application.","request":{"url":"http:\/\/localhost\/login","method":"POST","header":[{"key":"Accept","value":"application\/json"}],"body":{"mode":"formdata","formdata":[]},"description":"","response":[]}},{"name":"Log the user out of the application.","request":{"url":"http:\/\/localhost\/logout","method":"POST","header":[{"key":"Accept","value":"application\/json"}],"body":{"mode":"formdata","formdata":[]},"description":"","response":[]}},{"name":"Show the application registration form.","request":{"url":"http:\/\/localhost\/register","method":"GET","header":[{"key":"Accept","value":"application\/json"}],"body":{"mode":"formdata","formdata":[]},"description":"","response":[]}},{"name":"Handle a registration request for the application.","request":{"url":"http:\/\/localhost\/register","method":"POST","header":[{"key":"Accept","value":"application\/json"}],"body":{"mode":"formdata","formdata":[]},"description":"","response":[]}},{"name":"Display the form to request a password reset link.","request":{"url":"http:\/\/localhost\/password\/reset","method":"GET","header":[{"key":"Accept","value":"application\/json"}],"body":{"mode":"formdata","formdata":[]},"description":"","response":[]}},{"name":"Send a reset link to the given user.","request":{"url":"http:\/\/localhost\/password\/email","method":"POST","header":[{"key":"Accept","value":"application\/json"}],"body":{"mode":"formdata","formdata":[]},"description":"","response":[]}},{"name":"Display the password reset view for the given token.","request":{"url":"http:\/\/localhost\/password\/reset\/{token}","method":"GET","header":[{"key":"Accept","value":"application\/json"}],"body":{"mode":"formdata","formdata":[]},"description":"If no token is present, display the link request form.","response":[]}},{"name":"Reset the given user's password.","request":{"url":"http:\/\/localhost\/password\/reset","method":"POST","header":[{"key":"Accept","value":"application\/json"}],"body":{"mode":"formdata","formdata":[]},"description":"","response":[]}},{"name":"Display a listing of the resource.","request":{"url":"http:\/\/localhost","method":"GET","header":[{"key":"Accept","value":"application\/json"}],"body":{"mode":"formdata","formdata":[]},"description":"","response":[]}},{"name":"http:\/\/localhost\/organizations","request":{"url":"http:\/\/localhost\/organizations","method":"GET","header":[{"key":"Accept","value":"application\/json"}],"body":{"mode":"formdata","formdata":[]},"description":"","response":[]}},{"name":"Show the form for creating a new resource.","request":{"url":"http:\/\/localhost\/organizations\/create","method":"GET","header":[{"key":"Accept","value":"application\/json"}],"body":{"mode":"formdata","formdata":[]},"description":"","response":[]}},{"name":"Store a newly created resource in storage.","request":{"url":"http:\/\/localhost\/organizations","method":"POST","header":[{"key":"Accept","value":"application\/json"}],"body":{"mode":"formdata","formdata":[]},"description":"","response":[]}},{"name":"Display the specified resource.","request":{"url":"http:\/\/localhost\/organizations\/{organization}","method":"GET","header":[{"key":"Accept","value":"application\/json"}],"body":{"mode":"formdata","formdata":[]},"description":"","response":[]}},{"name":"Show the form for editing the specified resource.","request":{"url":"http:\/\/localhost\/organizations\/{organization}\/edit","method":"GET","header":[{"key":"Accept","value":"application\/json"}],"body":{"mode":"formdata","formdata":[]},"description":"","response":[]}},{"name":"Update the specified resource in storage.","request":{"url":"http:\/\/localhost\/organizations\/{organization}","method":"PUT","header":[{"key":"Accept","value":"application\/json"}],"body":{"mode":"urlencoded","urlencoded":[]},"description":"","response":[]}},{"name":"Remove the specified resource from storage.","request":{"url":"http:\/\/localhost\/organizations\/{organization}","method":"DELETE","header":[{"key":"Accept","value":"application\/json"}],"body":{"mode":"formdata","formdata":[]},"description":"","response":[]}},{"name":"http:\/\/localhost\/projects","request":{"url":"http:\/\/localhost\/projects","method":"GET","header":[{"key":"Accept","value":"application\/json"}],"body":{"mode":"formdata","formdata":[]},"description":"","response":[]}},{"name":"Show the form for creating a new resource.","request":{"url":"http:\/\/localhost\/projects\/create","method":"GET","header":[{"key":"Accept","value":"application\/json"}],"body":{"mode":"formdata","formdata":[]},"description":"","response":[]}},{"name":"Store a newly created resource in storage.","request":{"url":"http:\/\/localhost\/projects","method":"POST","header":[{"key":"Accept","value":"application\/json"}],"body":{"mode":"formdata","formdata":[]},"description":"","response":[]}},{"name":"Display the specified resource.","request":{"url":"http:\/\/localhost\/projects\/{project}","method":"GET","header":[{"key":"Accept","value":"application\/json"}],"body":{"mode":"formdata","formdata":[]},"description":"","response":[]}},{"name":"Show the form for editing the specified resource.","request":{"url":"http:\/\/localhost\/projects\/{project}\/edit","method":"GET","header":[{"key":"Accept","value":"application\/json"}],"body":{"mode":"formdata","formdata":[]},"description":"","response":[]}},{"name":"Update the specified resource in storage.","request":{"url":"http:\/\/localhost\/projects\/{project}","method":"PUT","header":[{"key":"Accept","value":"application\/json"}],"body":{"mode":"urlencoded","urlencoded":[]},"description":"","response":[]}},{"name":"Remove the specified resource from storage.","request":{"url":"http:\/\/localhost\/projects\/{project}","method":"DELETE","header":[{"key":"Accept","value":"application\/json"}],"body":{"mode":"formdata","formdata":[]},"description":"","response":[]}},{"name":"http:\/\/localhost\/features","request":{"url":"http:\/\/localhost\/features","method":"GET","header":[{"key":"Accept","value":"application\/json"}],"body":{"mode":"formdata","formdata":[]},"description":"","response":[]}},{"name":"Show the form for creating a new resource.","request":{"url":"http:\/\/localhost\/features\/create","method":"GET","header":[{"key":"Accept","value":"application\/json"}],"body":{"mode":"formdata","formdata":[]},"description":"","response":[]}},{"name":"Store a newly created resource in storage.","request":{"url":"http:\/\/localhost\/features","method":"POST","header":[{"key":"Accept","value":"application\/json"}],"body":{"mode":"formdata","formdata":[]},"description":"","response":[]}},{"name":"Display the specified resource.","request":{"url":"http:\/\/localhost\/features\/{feature}","method":"GET","header":[{"key":"Accept","value":"application\/json"}],"body":{"mode":"formdata","formdata":[]},"description":"","response":[]}},{"name":"Show the form for editing the specified resource.","request":{"url":"http:\/\/localhost\/features\/{feature}\/edit","method":"GET","header":[{"key":"Accept","value":"application\/json"}],"body":{"mode":"formdata","formdata":[]},"description":"","response":[]}},{"name":"Update the specified resource in storage.","request":{"url":"http:\/\/localhost\/features\/{feature}","method":"PUT","header":[{"key":"Accept","value":"application\/json"}],"body":{"mode":"urlencoded","urlencoded":[]},"description":"","response":[]}},{"name":"Remove the specified resource from storage.","request":{"url":"http:\/\/localhost\/features\/{feature}","method":"DELETE","header":[{"key":"Accept","value":"application\/json"}],"body":{"mode":"formdata","formdata":[]},"description":"","response":[]}},{"name":"http:\/\/localhost\/reports","request":{"url":"http:\/\/localhost\/reports","method":"GET","header":[{"key":"Accept","value":"application\/json"}],"body":{"mode":"formdata","formdata":[]},"description":"","response":[]}},{"name":"Show the form for creating a new resource.","request":{"url":"http:\/\/localhost\/reports\/create","method":"GET","header":[{"key":"Accept","value":"application\/json"}],"body":{"mode":"formdata","formdata":[]},"description":"","response":[]}},{"name":"Store a newly created resource in storage.","request":{"url":"http:\/\/localhost\/reports","method":"POST","header":[{"key":"Accept","value":"application\/json"}],"body":{"mode":"formdata","formdata":[]},"description":"","response":[]}},{"name":"Display the specified resource.","request":{"url":"http:\/\/localhost\/reports\/{report}","method":"GET","header":[{"key":"Accept","value":"application\/json"}],"body":{"mode":"formdata","formdata":[]},"description":"","response":[]}},{"name":"Show the form for editing the specified resource.","request":{"url":"http:\/\/localhost\/reports\/{report}\/edit","method":"GET","header":[{"key":"Accept","value":"application\/json"}],"body":{"mode":"formdata","formdata":[]},"description":"","response":[]}},{"name":"Update the specified resource in storage.","request":{"url":"http:\/\/localhost\/reports\/{report}","method":"PUT","header":[{"key":"Accept","value":"application\/json"}],"body":{"mode":"urlencoded","urlencoded":[]},"description":"","response":[]}},{"name":"Remove the specified resource from storage.","request":{"url":"http:\/\/localhost\/reports\/{report}","method":"DELETE","header":[{"key":"Accept","value":"application\/json"}],"body":{"mode":"formdata","formdata":[]},"description":"","response":[]}},{"name":"http:\/\/localhost\/issues","request":{"url":"http:\/\/localhost\/issues","method":"GET","header":[{"key":"Accept","value":"application\/json"}],"body":{"mode":"formdata","formdata":[]},"description":"","response":[]}},{"name":"Show the form for creating a new resource.","request":{"url":"http:\/\/localhost\/issues\/create","method":"GET","header":[{"key":"Accept","value":"application\/json"}],"body":{"mode":"formdata","formdata":[]},"description":"","response":[]}},{"name":"Store a newly created resource in storage.","request":{"url":"http:\/\/localhost\/issues","method":"POST","header":[{"key":"Accept","value":"application\/json"}],"body":{"mode":"formdata","formdata":[]},"description":"","response":[]}},{"name":"Display the specified resource.","request":{"url":"http:\/\/localhost\/issues\/{issue}","method":"GET","header":[{"key":"Accept","value":"application\/json"}],"body":{"mode":"formdata","formdata":[]},"description":"","response":[]}},{"name":"Show the form for editing the specified resource.","request":{"url":"http:\/\/localhost\/issues\/{issue}\/edit","method":"GET","header":[{"key":"Accept","value":"application\/json"}],"body":{"mode":"formdata","formdata":[]},"description":"","response":[]}},{"name":"Update the specified resource in storage.","request":{"url":"http:\/\/localhost\/issues\/{issue}","method":"PUT","header":[{"key":"Accept","value":"application\/json"}],"body":{"mode":"urlencoded","urlencoded":[]},"description":"","response":[]}},{"name":"Remove the specified resource from storage.","request":{"url":"http:\/\/localhost\/issues\/{issue}","method":"DELETE","header":[{"key":"Accept","value":"application\/json"}],"body":{"mode":"formdata","formdata":[]},"description":"","response":[]}}]}]}